{"cameraMode":{"drawMode":0,"name":"Shaded","section":"Shading Mode"},"sceneLighting":false,"audioPlay":false,"sceneViewState":{"showFog":true,"showMaterialUpdate":false,"showSkybox":false,"showFlares":true,"showImageEffects":true,"showParticleSystems":true},"in2DMode":false,"pivot":{"x":-1.5799999237060547,"y":0.4849998950958252,"z":-0.01999831199645996},"rotation":{"x":-0.11848428845405579,"y":0.6956852674484253,"z":-0.11798719316720963,"w":-0.6986157298088074},"size":6.402926445007324,"orthographic":false}