{"cameraMode":{"drawMode":0,"name":"Shaded","section":"Shading Mode"},"sceneLighting":false,"audioPlay":false,"sceneViewState":{"showFog":true,"showMaterialUpdate":false,"showSkybox":false,"showFlares":true,"showImageEffects":false,"showParticleSystems":true},"in2DMode":false,"pivot":{"x":-0.014248847961425782,"y":-0.015092253684997559,"z":0.01824009418487549},"rotation":{"x":0.19999000430107118,"y":-0.7058667540550232,"z":0.21951082348823548,"w":0.6430948376655579},"size":1.6534130573272706,"orthographic":false}