{"cameraMode":{"drawMode":0,"name":"Shaded","section":"Shading Mode"},"sceneLighting":false,"audioPlay":false,"sceneViewState":{"showFog":true,"showMaterialUpdate":false,"showSkybox":false,"showFlares":true,"showImageEffects":false,"showParticleSystems":true},"in2DMode":false,"pivot":{"x":0.0028228461742401125,"y":0.007972478866577149,"z":0.014401346445083619},"rotation":{"x":0.06121756508946419,"y":-0.854150116443634,"z":0.10333603620529175,"w":0.5059784054756165},"size":10.128533363342286,"orthographic":false}