{"cameraMode":{"drawMode":0,"name":"Shaded","section":"Shading Mode"},"sceneLighting":false,"audioPlay":false,"sceneViewState":{"showFog":true,"showMaterialUpdate":false,"showSkybox":false,"showFlares":true,"showImageEffects":true,"showParticleSystems":true},"in2DMode":false,"pivot":{"x":1.252431869506836,"y":0.6847245693206787,"z":0.10918444395065308},"rotation":{"x":0.14604084193706513,"y":-0.6179002523422241,"z":0.11819390207529068,"w":0.7634809613227844},"size":0.7399055361747742,"orthographic":false}