{"cameraMode":{"drawMode":0,"name":"Shaded","section":"Shading Mode"},"sceneLighting":true,"audioPlay":false,"sceneViewState":{"showFog":true,"showMaterialUpdate":false,"showSkybox":false,"showFlares":true,"showImageEffects":false,"showParticleSystems":true},"in2DMode":false,"pivot":{"x":-86.97599792480469,"y":11.184714317321778,"z":1.6156303882598878},"rotation":{"x":-0.2750811278820038,"y":-0.10806164145469666,"z":0.03113112971186638,"w":-0.9548242092132568},"size":3.1036293506622316,"orthographic":false}