{"cameraMode":{"drawMode":0,"name":"Shaded","section":"Shading Mode"},"sceneLighting":false,"audioPlay":false,"sceneViewState":{"showFog":true,"showMaterialUpdate":false,"showSkybox":false,"showFlares":true,"showImageEffects":true,"showParticleSystems":true},"in2DMode":false,"pivot":{"x":-27.458011627197267,"y":2.1054556369781496,"z":-21.74095344543457},"rotation":{"x":0.00009593393770046532,"y":0.9909738302230835,"z":-0.13409523665905,"w":0.0006880518049001694},"size":11.791850090026856,"orthographic":false}