{"cameraMode":{"drawMode":0,"name":"Shaded","section":"Shading Mode"},"sceneLighting":false,"audioPlay":false,"sceneViewState":{"showFog":true,"showMaterialUpdate":false,"showSkybox":false,"showFlares":true,"showImageEffects":true,"showParticleSystems":true},"in2DMode":false,"pivot":{"x":0.0,"y":0.25799989700317385,"z":0.048999786376953128},"rotation":{"x":-0.07689166814088822,"y":0.724008321762085,"z":-0.0817963033914566,"w":-0.6805949211120606},"size":1.4617857933044434,"orthographic":false}