{"cameraMode":{"drawMode":0,"name":"Shaded","section":"Shading Mode"},"sceneLighting":false,"audioPlay":false,"sceneViewState":{"showFog":true,"showMaterialUpdate":false,"showSkybox":false,"showFlares":true,"showImageEffects":true,"showParticleSystems":true},"in2DMode":false,"pivot":{"x":0.013050079345703125,"y":1.5972999334335328,"z":0.008949995040893555},"rotation":{"x":0.03541804850101471,"y":0.9574536681175232,"z":-0.1339501440525055,"w":0.2531660795211792},"size":4.031162738800049,"orthographic":false}