{"cameraMode":{"drawMode":0,"name":"Shaded","section":"Shading Mode"},"sceneLighting":false,"audioPlay":false,"sceneViewState":{"showFog":true,"showMaterialUpdate":false,"showSkybox":false,"showFlares":true,"showImageEffects":false,"showParticleSystems":true},"in2DMode":false,"pivot":{"x":-64.98999786376953,"y":2.099813222885132,"z":-12.066202163696289},"rotation":{"x":-0.18606655299663545,"y":-0.6502346992492676,"z":0.16873236000537873,"w":-0.7170162796974182},"size":8.561966896057129,"orthographic":false}