{"cameraMode":{"drawMode":0,"name":"Shaded","section":"Shading Mode"},"sceneLighting":false,"audioPlay":false,"sceneViewState":{"showFog":true,"showMaterialUpdate":false,"showSkybox":false,"showFlares":true,"showImageEffects":false,"showParticleSystems":true},"in2DMode":false,"pivot":{"x":0.003294825553894043,"y":0.036595940589904788,"z":0.0601097047328949},"rotation":{"x":0.12330099195241928,"y":-0.6990361213684082,"z":0.12431666254997254,"w":0.6933234930038452},"size":3.3890390396118166,"orthographic":false}