{"cameraMode":{"drawMode":0,"name":"Shaded","section":"Shading Mode"},"sceneLighting":false,"audioPlay":false,"sceneViewState":{"showFog":true,"showMaterialUpdate":false,"showSkybox":false,"showFlares":true,"showImageEffects":true,"showParticleSystems":true},"in2DMode":false,"pivot":{"x":-0.36033642292022707,"y":0.25283652544021609,"z":0.21052274107933045},"rotation":{"x":0.18088757991790772,"y":0.5682772397994995,"z":-0.12976615130901338,"w":0.7921549081802368},"size":1.1630752086639405,"orthographic":false}