{"cameraMode":{"drawMode":0,"name":"Shaded","section":"Shading Mode"},"sceneLighting":false,"audioPlay":false,"sceneViewState":{"showFog":true,"showMaterialUpdate":false,"showSkybox":false,"showFlares":true,"showImageEffects":false,"showParticleSystems":true},"in2DMode":false,"pivot":{"x":0.06322574615478516,"y":0.011972248554229737,"z":-0.008439481258392334},"rotation":{"x":-0.26406624913215639,"y":0.6535732746124268,"z":-0.2618052363395691,"w":-0.6592263579368591},"size":2.722482442855835,"orthographic":false}